USE ferreteria;

-- agregado de vendedores
INSERT INTO vendedor(nombreVend, apellidoVend, sexoVend, telefonoVend, fechaContrato)
VALUES 
('Carlos', 'Lopez', 'M', '112563452', '2015-04-23'),
('Ana', 'Martinez', 'F', '112563453', '2016-07-15'),
('Juan', 'Perez', 'M', '112563454', '2018-02-28'),
('Maria', 'Gomez', 'F', '112563455', '2017-05-10'),
('Luis', 'Fernandez', 'M', '112563456', '2020-08-19'),
('Laura', 'Diaz', 'F', '112563457', '2019-11-04'),
('Pedro', 'Sanchez', 'M', '112563458', '2013-09-30'),
('Sofia', 'Ramirez', 'F', '112563459', '2014-12-12'),
('Miguel', 'Torres', 'M', '112563460', '2021-03-05'),
('Lucia', 'Vega', 'F', '112563461', '2022-01-22'),
('Jorge', 'Rojas', 'M', '112563462', '2023-06-14'),
('Elena', 'Mendoza', 'F', '112563463', '2012-10-21');

-- agregado de articulos
INSERT INTO articulo(descripcion, precio, stock)
VALUES ('Martillo carpintero',70.99, 15),
('Destornillador plano', 25.50, 30),
('Destornillador estrella', 27.00, 25),
('Llave inglesa', 45.99, 20),
('Alicate universal', 35.75, 18),
('Sierra manual', 60.00, 10),
('Cinta métrica', 15.99, 50),
('Nivel de burbuja', 22.50, 15),
('Taladro eléctrico', 150.00, 8),
('Broca para madera', 10.00, 40),
('Broca para metal', 12.00, 35),
('Broca para concreto', 14.00, 30),
('Martillo de bola', 75.00, 12), 
('Llave de tubo', 55.00, 10),
('Llave Allen', 20.00, 50),
('Juego de llaves combinadas', 80.00, 5),
('Cutter', 10.50, 60),
('Cuchilla de repuesto', 5.00, 100),
('Pistola de silicona', 25.00, 20),
('Silicona en tubo', 15.00, 40),
('Cinta aislante', 5.50, 80),
('Cinta de teflón', 3.00, 90),
('Cinta adhesiva', 7.00, 70),
('Clavos de acero', 12.00, 200),
('Tornillos para madera', 10.00, 150),
('Tornillos para metal', 12.00, 140),
('Tornillos para concreto', 15.00, 130),
('Arandelas', 5.00, 300),
('Tuercas', 6.00, 250),
('Pernos', 8.00, 200),
('Bisagras', 20.00, 50),
('Cerradura de seguridad', 45.00, 30),
('Candado', 25.00, 40),
('Cerradura de combinación', 35.00, 25),
('Manilla de puerta', 30.00, 35),
('Bisagra de puerta', 15.00, 60),
('Taco de expansión', 10.00, 100),
('Gato hidráulico', 120.00, 5),
('Compresor de aire', 300.00, 3),
('Manguera de aire', 50.00, 10),
('Pistola de aire', 35.00, 15),
('Lijadora eléctrica', 200.00, 7),
('Papel de lija', 10.00, 80),
('Mascarilla de protección', 5.00, 100),
('Guantes de trabajo', 15.00, 50),
('Gafas de seguridad', 10.00, 60),
('Casco de seguridad', 25.00, 20),
('Botas de seguridad', 50.00, 15),
('Chaleco reflectante', 20.00, 30),
('Cinta de señalización', 10.00, 70),
('Extintor', 75.00, 10),
('Escalera de aluminio', 150.00, 5),
('Carretilla', 100.00, 8),
('Paleta de albañil', 20.00, 25),
('Cemento', 10.00, 200),
('Arena', 5.00, 300),
('Grava', 8.00, 250),
('Pintura blanca', 30.00, 40),
('Pintura negra', 30.00, 35),
('Rodillo de pintura', 15.00, 50),
('Brocha de pintura', 10.00, 60),
('Balde de pintura', 5.00, 80),
('Disolvente', 20.00, 30),
('Lija para madera', 10.00, 70),
('Lija para metal', 12.00, 60),
('Lija para concreto', 15.00, 50),
('Espátula', 10.00, 40),
('Cinta de carrocero', 5.00, 90),
('Pistola de calor', 50.00, 10);

-- agregado de clientes
INSERT INTO cliente(cedulaCli, nombreCli, apellidoCli, limiteCredito, calle, nro, ciudad)
VALUES 
('1', 'Arturo', 'Marcel', 3000.00, 'av. San Martin', '1566', 'CABA'), -- 1 '', 1
('2', 'Lucia', 'Gomez', 4500.00, 'Calle 12', '1234', 'Vicente López'), -- 2 '', 2
('3', 'Juan', 'Perez', 5000.00, 'Av. Corrientes', '5678', 'San Isidro'), -- 2 '2', 2
('4', 'Maria', 'Lopez', 3200.00, 'Calle Falsa', '742', 'Quilmes'), -- 2 '2', 2
('5', 'Carlos', 'Diaz', 2800.00, 'Av. Libertador', '1111', 'Morón'), -- 3 '', 3
('6', 'Ana', 'Martinez', 3500.00, 'Calle 8', '8765', 'Lanús'), -- 3 '5', 3 
('7', 'Pedro', 'Fernandez', 4000.00, 'Av. Belgrano', '2345', 'Tigre'), -- 4 '', 4
('8', 'Sofia', 'Garcia', 3700.00, 'Calle 9', '3456', 'San Fernando'), -- 4 '7', 4
('9', 'Diego', 'Rodriguez', 2900.00, 'Av. Rivadavia', '4567', 'Avellaneda'), -- 4 '7', 4
('10', 'Laura', 'Sanchez', 3100.00, 'Calle 10', '5678', 'Lomas de Zamora'), -- 5 '', 5
('11', 'Miguel', 'Torres', 3300.00, 'Av. Santa Fe', '6789', 'Berazategui'), -- 5 '10', 5
('12', 'Elena', 'Ramirez', 3600.00, 'Calle 11', '7890', 'Florencio Varela'), -- 6 '', 6
('13', 'Jorge', 'Flores', 3400.00, 'Av. Callao', '8901', 'Ezeiza'), -- 6 '12', 6
('14', 'Valeria', 'Gonzalez', 3800.00, 'Calle 13', '9012', 'San Miguel'), -- 7 '', 7
('15', 'Luis', 'Hernandez', 4200.00, 'Av. Pueyrredon', '1012', 'José C. Paz'), -- 7 '14', 7
('16', 'Paula', 'Ruiz', 3900.00, 'Calle 14', '1123', 'Malvinas Argentinas'), -- 8 '', 8
('17', 'Ricardo', 'Molina', 4100.00, 'Av. Las Heras', '1234', 'Hurlingham'), -- 8 '16', 8
('18', 'Natalia', 'Ortiz', 4300.00, 'Calle 15', '1345', 'Ituzaingó'), -- 9 '', 9
('19', 'Fernando', 'Silva', 4400.00, 'Av. Alvear', '1456', 'Merlo'), -- 9 '18', 9
('20', 'Gabriela', 'Morales', 4600.00, 'Calle 16', '1567', 'Moreno'), -- 10 '', 10
('21', 'Hector', 'Castro', 4700.00, 'Av. San Juan', '1678', 'Tres de Febrero'), -- 10 '20', 10
('22', 'Patricia', 'Rojas', 4800.00, 'Calle 17', '1789', 'San Martín'), -- 10 '20', 10
('23', 'Andres', 'Vega', 4900.00, 'Av. Independencia', '1890', 'Esteban Echeverría'), -- 11 '', 11
('24', 'Monica', 'Acosta', 5000.00, 'Calle 18', '1901', 'Almirante Brown'), -- 11 '24', 11
('25', 'Gustavo', 'Mendez', 5100.00, 'Av. Entre Rios', '2012', 'La Matanza'), -- 11 '24', 11
('26', 'Claudia', 'Cabrera', 5200.00, 'Calle 19', '2123', 'Escobar'), -- 11 '25', 11
('27', 'Roberto', 'Reyes', 5300.00, 'Av. Jujuy', '2234', 'Pilar'), -- 11 '24', 11
('28', 'Veronica', 'Paz', 5400.00, 'Calle 20', '2345', 'General Rodríguez'), -- 12 '', 12
('29', 'Oscar', 'Soto', 5500.00, 'Av. La Plata', '2456', 'Berisso'), -- 12 '28', 12
('30', 'Silvia', 'Iglesias', 5600.00, 'Calle 21', '2567', 'Ensenada'); -- 12 '28', 12

-- agregado de telefonos clientes
INSERT INTO telefono(cedulaCli, telefono)
VALUES
('1', '11112222'),
('1', '33334444'),
('2', '44445555'),
('3', '55556666'),
('4', '66667777'),
('5', '77778888'),
('6', '88889999'),
('7', '22223333'),
('7', '12121212'),
('8', '21212121'),
('9', '23232323'),
('10', '32323232'),
('10', '11221122'),
('11', '22112211'),
('12', '33223322'),
('13', '22332233'),
('13', '44224422'),
('14', '22442244'),
('15', '43434343'),
('16', '34343434'),
('17', '33443344'),
('18', '13131313'),
('18', '31313131'),
('19', '11113333'),
('20', '33331111'),
('21', '11114444'),
('21', '44441111'),
('22', '14141414'),
('23', '41414141'),
('24', '36363636'),
('24', '63636363'),
('25', '33336666'),
('26', '77778888'),
('27', '88887777'),
('27', '55551111'),
('28', '11115555'),
('29', '99991111'),
('30', '11119999');

-- agregado de familiares vendedores
INSERT INTO familiar(codigoVend, nombreFam, fechaNac, parentesco, sexo)
VALUES 
(1, 'María', '1985-03-15', 'Esposa', 'F'),
(2, 'Juan', '2000-07-22', 'Hijo', 'M'),
(3, 'Ana', '1998-11-30', 'Hija', 'F'),
(4, 'Carlos', '1975-05-10', 'Hermano', 'M'),
(5, 'Lucía', '1980-08-25', 'Hermana', 'F'),
(6, 'Miguel', '1965-12-05', 'Padre', 'M'),
(7, 'Elena', '1970-01-20', 'Madre', 'F'),
(8, 'Jorge', '1995-04-18', 'Primo', 'M'),
(9, 'Valeria', '1992-09-12', 'Prima', 'F'),
(10, 'Luis', '1988-06-30', 'Tío', 'M'),
(11, 'Paula', '1990-10-05', 'Tía', 'F'),
(12, 'Ricardo', '2005-02-14', 'Sobrino', 'M'),
(1, 'Sofía', '1999-07-11', 'Hija', 'F'),
(2, 'Diego', '2003-03-22', 'Hijo', 'M'),
(3, 'Laura', '1978-09-30', 'Esposa', 'F'),
(4, 'Miguel', '1960-04-15', 'Padre', 'M'),
(5, 'Elena', '1965-11-20', 'Madre', 'F'),
(6, 'Jorge', '1990-06-18', 'Primo', 'M'),
(7, 'Valeria', '1985-12-12', 'Prima', 'F'),
(8, 'Luis', '1975-08-30', 'Tío', 'M'),
(9, 'Paula', '1980-02-05', 'Tía', 'F'),
(10, 'Ricardo', '2010-05-14', 'Sobrino', 'M'),
(11, 'María', '1980-03-15', 'Esposa', 'F'),
(12, 'Juan', '2005-07-22', 'Hijo', 'M'),
(1, 'Ana', '2000-11-30', 'Hija', 'F'),
(2, 'Carlos', '1980-05-10', 'Hermano', 'M'),
(3, 'Lucía', '1985-08-25', 'Hermana', 'F'),
(4, 'Miguel', '1970-12-05', 'Padre', 'M'),
(5, 'Elena', '1975-01-20', 'Madre', 'F');

-- agregado de facturas
INSERT INTO factura(fechaElaboracion, cedulaCli, codigoVend)
VALUES 
-- vendedor 1 - cliente 1
('2024-01-05', '1', 1),
('2024-01-10', '1', 1),
('2024-01-16', '1', 1),
('2024-01-28', '1', 1),
-- vendedor 2 - cliente 2 345678901
('2024-01-02', '2', 2),
('2024-01-03', '2', 2),
('2024-01-13', '2', 2),
('2024-01-19', '2', 2),
('2024-01-22', '2', 2),
('2024-01-29', '2', 2),
-- vendedor 2 - cliente 3
('2024-01-02', '3', 2),
('2024-01-15', '3', 2),
-- vendedor 2 - cliente 4
('2024-01-04', '4', 2),
('2024-01-12', '4', 2),
('2024-01-30', '4', 2),
-- vendedor 3 - cliente 5
('2024-01-02', '5', 3),
('2024-01-03', '5', 3),
('2024-01-15', '5', 3),
('2024-01-25', '5', 3),
('2024-01-30', '5', 3),
-- vendedor 3 - cliente 6 
('2024-01-12', '6', 3),
('2024-01-28', '6', 3),
-- vendedor 4 - cliente 7  
('2024-01-02', '7', 4),
('2024-01-05', '7', 4),
('2024-01-12', '7', 4),
('2024-01-15', '7', 4),
('2024-01-22', '7', 4),
('2024-01-28', '7', 4),
('2024-01-30', '7', 4),
-- vendedor 4 - cliente  8
('2024-01-06', '8', 4),
('2024-01-07', '8', 4),
('2024-01-14', '8', 4),
('2024-01-26', '8', 4),
('2024-01-27', '8', 4),
-- vendedor 4 - cliente  9
('2024-01-02', '9', 4),
('2024-01-03', '9', 4),
('2024-01-05', '9', 4),
('2024-01-09', '9', 4),
('2024-01-11', '9', 4),
('2024-01-15', '9', 4),
('2024-01-20', '9', 4),
('2024-01-27', '9', 4),
-- vendedor 5 - cliente 10
('2024-01-03', '10', 5),
('2024-01-03', '10', 5),
('2024-01-03', '10', 5),
('2024-01-03', '10', 5),
('2024-01-03', '10', 5),
('2024-01-03', '10', 5),
-- vendedor 5 - cliente 11
('2024-01-03', '11', 5),
('2024-01-05', '11', 5),
('2024-01-09', '11', 5),
('2024-01-15', '11', 5),
-- vendedor 6 - cliente 12
('2024-01-10', '12', 6),
('2024-01-29', '12', 6),
-- vendedor 6 - cliente 13
('2024-01-05', '13', 6),
('2024-01-07', '13', 6),
('2024-01-16', '13', 6),
('2024-01-23', '13', 6),
('2024-01-29', '13', 6),
-- vendedor 7 - cliente 14
('2024-01-02', '14', 7),
('2024-01-05', '14', 7),
('2024-01-07', '14', 7),
('2024-01-13', '14', 7),
-- vendedor 7 - cliente 15
('2024-01-03', '15', 7),
('2024-01-04', '15', 7),
('2024-01-09', '15', 7),
('2024-01-19', '15', 7),
-- vendedor 8 - cliente 16
('2024-01-02', '16', 8),
('2024-01-05', '16', 8),
('2024-01-09', '16', 8),
('2024-01-13', '16', 8),
('2024-01-14', '16', 8),
('2024-01-22', '16', 8),
('2024-01-29', '16', 8),
-- vendedor 8 - cliente 17
('2024-01-03', '17', 8),
('2024-01-08', '17', 8),
('2024-01-12', '17', 8),
('2024-01-13', '17', 8),
('2024-01-17', '17', 8),
('2024-01-26', '17', 8),
-- vendedor 9 - cliente 18
('2024-01-03', '18', 9),
('2024-01-07', '18', 9),
('2024-01-12', '18', 9),
('2024-01-18', '18', 9),
('2024-01-25', '18', 9),
-- vendedor 9 - cliente 19 
('2024-01-04', '19', 9),
('2024-01-07', '19', 9),
('2024-01-19', '19', 9),
('2024-01-22', '19', 9),
-- vendedor 9 - cliente 20
('2024-01-02', '20', 9),
('2024-01-07', '20', 9),
('2024-01-14', '20', 9),
('2024-01-17', '20', 9),
('2024-01-26', '20', 9),
-- vendedor 10 - cliente 21
('2024-01-02', '21', 10),
('2024-01-06', '21', 10),
('2024-01-07', '21', 10),
('2024-01-09', '21', 10),
('2024-01-15', '21', 10),
('2024-01-27', '21', 10),
-- vendedor 10 - cliente 22
('2024-01-03', '22', 10),
('2024-01-08', '22', 10),
('2024-01-14', '22', 10),
('2024-01-17', '22', 10),
('2024-01-21', '22', 10),
('2024-01-27', '22', 10),
-- vendedor 10 - cliente 23
('2024-01-04', '23', 10),
('2024-01-13', '23', 10),
('2024-01-23', '23', 10),
('2024-01-30', '23', 10),
-- vendedor 11 - cliente 24 
('2024-01-02', '24', 11),
('2024-01-05', '24', 11),
('2024-01-09', '24', 11),
('2024-01-15', '24', 11),
('2024-01-17', '24', 11),
('2024-01-23', '24', 11),
('2024-01-29', '24', 11),
-- vendedor 11 - cliente 25
('2024-01-04', '25', 11),
('2024-01-13', '25', 11),
('2024-01-23', '25', 11),
('2024-01-27', '25', 11),
-- vendedor 11 - cliente 26
('2024-01-14', '26', 11),
('2024-01-15', '26', 11),
('2024-01-27', '26', 11),
-- vendedor 11 - cliente 27
('2024-01-07', '27', 11),
('2024-01-09', '27', 11),
('2024-01-17', '27', 11),
('2024-01-26', '27', 11),
-- vendedor 12 - cliente 28
('2024-01-03', '28', 12),
('2024-01-06', '28', 12),
('2024-01-11', '28', 12),
('2024-01-17', '28', 12),
('2024-01-23', '28', 12),
-- vendedor 12 - cliente 29
('2024-01-02', '29', 12),
('2024-01-05', '29', 12),
('2024-01-11', '29', 12),
('2024-01-13', '29', 12),
('2024-01-27', '29', 12),
-- vendedor 12 - cliente 30
('2024-01-04', '30', 12),
('2024-01-12', '30', 12),
('2024-01-16', '30', 12),
('2024-01-22', '30', 12),
('2024-01-26', '30', 12);

-- agregado de detalles
INSERT INTO detalle(nroFactura, codigo, cantidad)
VALUES
(1, 1, 3),(1, 3, 2),(1, 15, 5),(1, 23, 4),(1, 12, 2),
(2, 6, 1),(2, 7, 4),(2, 9, 3),(2, 10, 2),
(3, 2, 1),(3, 4, 2),(3, 5, 4),(3, 8, 3),(3, 11, 5),
(4, 12, 3),(4, 13, 2),(4, 14, 1),(4, 15, 5),(4, 16, 4),
(5, 17, 3),(5, 18, 2),(5, 19, 4),(5, 20, 5),(5, 21, 1),
(6, 22, 2),(6, 23, 3),(6, 24, 4),(6, 25, 5),(6, 26, 1),
(7, 27, 2),(7, 28, 3),(7, 29, 4),(7, 30, 5),(7, 1, 1),
(8, 2, 2),(8, 3, 3),(8, 4, 4),(8, 5, 5),(8, 6, 1),
(9, 7, 2),(9, 8, 3),(9, 9, 4),(9, 10, 5),(9, 11, 1),
(10, 12, 2),(10, 13, 3),(10, 14, 4),(10, 15, 5),(10, 16, 1),
(11, 17, 2),(11, 18, 3),(11, 19, 4),(11, 20, 5),(11, 21, 1),
(12, 22, 2),(12, 23, 3),(12, 24, 4),(12, 25, 5),(12, 26, 1),
(13, 27, 2),(13, 28, 3),(13, 29, 4),(13, 30, 5),(13, 1, 1),
(14, 2, 2),(14, 3, 3),(14, 4, 4),(14, 5, 5),(14, 6, 1),
(15, 7, 2),(15, 8, 3),(15, 9, 4),(15, 10, 5),(15, 11, 1),
(16, 12, 2),(16, 13, 3),(16, 14, 4),(16, 15, 5),(16, 16, 1),
(17, 17, 2),(17, 18, 3),(17, 19, 4),(17, 20, 5),(17, 21, 1),
(18, 22, 2),(18, 23, 3),(18, 24, 4),(18, 25, 5),(18, 26, 1),
(19, 27, 2),(19, 28, 3),(19, 29, 4),(19, 30, 5),(19, 1, 1),
(20, 2, 2),(20, 3, 3),(20, 4, 4),(20, 5, 5),(20, 6, 1),
(21, 7, 2),(21, 8, 3),(21, 9, 4),(21, 10, 5),(21, 11, 1),
(22, 12, 2),(22, 13, 3),(22, 14, 4),(22, 15, 5),(22, 16, 1),
(23, 17, 2),(23, 18, 3),(23, 19, 4),(23, 20, 5),(23, 21, 1),
(24, 22, 2),(24, 23, 3),(24, 24, 4),(24, 25, 5),
(25, 27, 2),(25, 28, 3),(25, 29, 4),(25, 30, 5),(25, 1, 1),
(26, 2, 2),(26, 3, 3),(26, 4, 4),(26, 5, 5),(26, 6, 1),
(27, 7, 2),(27, 8, 3),(27, 9, 4),(27, 10, 5),(27, 11, 1),
(28, 12, 2),(28, 13, 3),(28, 14, 4),(28, 15, 5),
(29, 17, 2),(29, 18, 3),(29, 19, 4),(29, 20, 5),(29, 21, 1),(29, 23, 1),
(30, 22, 2),(30, 23, 3),(30, 24, 4),(30, 25, 5),(30, 26, 1),
(31, 27, 2),(31, 28, 3),(31, 29, 4),(31, 30, 5),(31, 1, 1),
(32, 2, 2),(32, 3, 3),(32, 4, 4),(32, 5, 5),
(33, 7, 2),(33, 8, 3),(33, 9, 4),(33, 10, 5),(33, 11, 1),
(34, 12, 2),(34, 13, 3),(34, 14, 4),(34, 15, 5),(34, 16, 1),
(35, 17, 2),(35, 18, 3),(35, 19, 4),(35, 20, 5),(35, 21, 1),
(36, 22, 2),(36, 23, 3),(36, 24, 4),(36, 25, 5),(36, 26, 1),
(37, 27, 2),(37, 28, 3),(37, 29, 4),(37, 30, 5),(37, 1, 1),
(38, 2, 2),(38, 3, 3),(38, 4, 4),(38, 5, 5),(38, 6, 1),
(39, 7, 2),(39, 8, 3),(39, 9, 4),(39, 10, 5),(39, 11, 1),
(40, 12, 2),(40, 13, 3),(40, 14, 4),(40, 15, 5),(40, 16, 1),
(41, 17, 2),(41, 18, 3),(41, 19, 4),(41, 20, 5),(41, 21, 1),
(42, 22, 2),(42, 23, 3),(42, 24, 4),(42, 25, 5),(42, 26, 1),
(43, 27, 2),(43, 28, 3),(43, 29, 4),(43, 30, 5),(43, 1, 1),
(44, 2, 2),(44, 3, 3),(44, 4, 4),(44, 5, 5),(44, 6, 1),
(45, 7, 2),(45, 8, 3),(45, 9, 4),(45, 10, 5),(45, 11, 1),
(46, 12, 2),(46, 13, 3),(46, 14, 4),(46, 15, 5),(46, 16, 1),
(47, 17, 2),(47, 18, 3),(47, 19, 4),(47, 20, 5),(47, 21, 1),
(48, 22, 2),(48, 23, 3),(48, 24, 4),(48, 25, 5),(48, 26, 1),
(49, 27, 2),(49, 28, 3),(49, 29, 4),(49, 30, 5),(49, 1, 1),
(50, 2, 2),(50, 3, 3),(50, 4, 4),(50, 5, 5),(50, 6, 1),
(51, 7, 2),(51, 8, 3),(51, 9, 4),(51, 10, 5),(51, 11, 1),
(52, 12, 2),(52, 13, 3),(52, 14, 4),(52, 15, 5),(52, 16, 1),
(53, 17, 2),(53, 18, 3),(53, 19, 4),(53, 20, 5),(53, 21, 1),
(54, 22, 2),(54, 23, 3),(54, 24, 4),(54, 25, 5),(54, 26, 1),
(55, 27, 2),(55, 28, 3),(55, 29, 4),(55, 30, 5),(55, 1, 1),
(56, 2, 2),(56, 3, 3),(56, 4, 4),(56, 5, 5),(56, 6, 1),
(57, 7, 2),(57, 8, 3),(57, 9, 4),(57, 10, 5),(57, 11, 1),
(58, 12, 2),(58, 13, 3),(58, 14, 4),(58, 15, 5),(58, 16, 1),
(59, 17, 2),(59, 18, 3),(59, 19, 4),(59, 20, 5),(59, 21, 1),
(60, 22, 2),(60, 23, 3),(60, 24, 4),(60, 25, 5),(60, 26, 1),
(61, 27, 2),(61, 28, 3),(61, 29, 4),(61, 30, 5),(61, 1, 1),
(62, 2, 2),(62, 3, 3),(62, 4, 4),(62, 5, 5),(62, 6, 1),
(63, 7, 2),(63, 8, 3),(63, 9, 4),(63, 10, 5),(63, 11, 1),
(64, 12, 2),(64, 13, 3),(64, 14, 4),(64, 15, 5),(64, 16, 1),
(65, 17, 2),(65, 18, 3),(65, 19, 4),(65, 20, 5),(65, 21, 1),
(66, 22, 2),(66, 23, 3),(66, 24, 4),(66, 25, 5),(66, 26, 1),
(67, 27, 2),(67, 28, 3),(67, 29, 4),(67, 30, 5),(67, 1, 1),
(68, 2, 2),(68, 3, 3),(68, 4, 4),(68, 5, 5),(68, 6, 1),
(69, 7, 2),(69, 8, 3),(69, 9, 4),(69, 10, 5),(69, 11, 1),
(70, 12, 2),(70, 13, 3),(70, 14, 4),(70, 15, 5),(70, 16, 1),
(71, 17, 2),(71, 18, 3),(71, 19, 4),(71, 20, 5),(71, 21, 1),
(72, 22, 2),(72, 23, 3),(72, 24, 4),(72, 25, 5),(72, 26, 1),
(73, 27, 2),(73, 28, 3),(73, 29, 4),(73, 30, 5),(73, 1, 1),
(74, 2, 2),(74, 3, 3),(74, 4, 4),(74, 5, 5),(74, 6, 1),
(75, 7, 2),(75, 8, 3),(75, 9, 4),(75, 10, 5),(75, 11, 1),
(76, 12, 2),(76, 13, 3),(76, 14, 4),(76, 15, 5),(76, 16, 1),
(77, 17, 2),(77, 18, 3),(77, 19, 4),(77, 20, 5),(77, 21, 1),
(78, 22, 2),(78, 23, 3),(78, 24, 4),(78, 25, 5),(78, 26, 1),
(79, 27, 2),(79, 28, 3),(79, 29, 4),(79, 30, 5),(79, 1, 1),
(80, 2, 2),(80, 3, 3),(80, 4, 4),(80, 5, 5),(80, 6, 1),
(81, 7, 2),(81, 8, 3),(81, 9, 4),(81, 10, 5),(81, 11, 1),
(82, 12, 2),(82, 13, 3),(82, 14, 4),(82, 15, 5),(82, 16, 1),
(83, 17, 2),(83, 18, 3),(83, 19, 4),(83, 20, 5),(83, 21, 1),
(84, 22, 2),(84, 23, 3),(84, 24, 4),(84, 25, 5),(84, 26, 1),
(85, 27, 2),(85, 28, 3),(85, 29, 4),(85, 30, 5),(85, 1, 1),
(86, 2, 2),(86, 3, 3),(86, 4, 4),(86, 5, 5),(86, 6, 1),
(87, 7, 2),(87, 8, 3),(87, 9, 4),(87, 10, 5),(87, 11, 1),
(88, 12, 2),(88, 13, 3),(88, 14, 4),(88, 15, 5),(88, 16, 1),
(89, 17, 2),(89, 18, 3),(89, 19, 4),(89, 20, 5),(89, 21, 1),
(90, 22, 2),(90, 23, 3),(90, 24, 4),(90, 25, 5),(90, 26, 1),
(91, 27, 2),(91, 28, 3),(91, 29, 4),(91, 30, 5),(91, 1, 1),
(92, 2, 2),(92, 3, 3),(92, 4, 4),(92, 5, 5),(92, 6, 1),
(93, 7, 2),(93, 8, 3),(93, 9, 4),(93, 10, 5),(93, 11, 1),
(94, 12, 2),(94, 13, 3),(94, 14, 4),(94, 15, 5),(94, 16, 1),
(95, 17, 2),(95, 18, 3),(95, 19, 4),(95, 20, 5),(95, 21, 1),
(96, 22, 2),(96, 23, 3),(96, 24, 4),(96, 25, 5),(96, 26, 1),
(97, 27, 2),(97, 28, 3),(97, 29, 4),(97, 30, 5),(97, 1, 1),
(98, 2, 2),(98, 3, 3),(98, 4, 4),(98, 5, 5),(98, 6, 1),
(99, 7, 2),(99, 8, 3),(99, 9, 4),(99, 10, 5),(99, 11, 1),
(100, 12, 2),(100, 13, 3),(100, 14, 4),(100, 15, 5),(100, 16, 1),
(101, 17, 2),(101, 18, 3),(101, 19, 4),(101, 20, 5),(101, 21, 1),
(102, 22, 2),(102, 23, 3),(102, 24, 4),(102, 25, 5),(102, 26, 1),
(103, 27, 2),(103, 28, 3),(103, 29, 4),(103, 30, 5),(103, 1, 1),
(104, 2, 2),(104, 3, 3),(104, 4, 4),(104, 5, 5),(104, 6, 1),
(105, 7, 2),(105, 8, 3),(105, 9, 4),(105, 10, 5),(105, 11, 1),
(106, 12, 2),(106, 13, 3),(106, 14, 4),(106, 15, 5),(106, 16, 1),
(107, 17, 2),(107, 18, 3),(107, 19, 4),(107, 20, 5),(107, 21, 1),
(108, 22, 2),(108, 23, 3),(108, 24, 4),(108, 25, 5),(108, 26, 1),
(109, 27, 2),(109, 28, 3),(109, 29, 4),(109, 30, 5),(109, 1, 1),
(110, 2, 2),(110, 3, 3),(110, 4, 4),(110, 5, 5),(110, 6, 1),
(111, 7, 2),(111, 8, 3),(111, 9, 4),(111, 10, 5),(111, 11, 1),
(112, 12, 2),(112, 13, 3),(112, 14, 4),(112, 15, 5),(112, 16, 1),
(113, 17, 2),(113, 18, 3),(113, 19, 4),(113, 20, 5),(113, 21, 1),
(114, 22, 2),(114, 23, 3),(114, 24, 4),(114, 25, 5),(114, 26, 1),
(115, 27, 2),(115, 28, 3),(115, 29, 4),(115, 30, 5),(115, 1, 1),
(116, 2, 2),(116, 3, 3),(116, 4, 4),(116, 5, 5),(116, 6, 1),
(117, 7, 2),(117, 8, 3),(117, 9, 4),(117, 10, 5),(117, 11, 1),
(118, 12, 2),(118, 13, 3),(118, 14, 4),(118, 15, 5),(118, 16, 1),
(119, 17, 2),(119, 18, 3),(119, 19, 4),(119, 20, 5),(119, 21, 1),
(120, 22, 2),(120, 23, 3),(120, 24, 4),(120, 25, 5),(120, 26, 1),
(121, 27, 2),(121, 28, 3),(121, 29, 4),(121, 30, 5),(121, 1, 1),
(122, 2, 2),(122, 3, 3),(122, 4, 4),(122, 5, 5),(122, 6, 1),
(123, 7, 2),(123, 8, 3),(123, 9, 4),(123, 10, 5),(123, 11, 1),
(124, 12, 2),(124, 13, 3),(124, 14, 4),(124, 15, 5),(124, 16, 1),
(125, 17, 2),(125, 18, 3),(125, 19, 4),(125, 20, 5),(125, 21, 1),
(126, 22, 2),(126, 23, 3),(126, 24, 4),(126, 25, 5),(126, 26, 1),
(127, 27, 2),(127, 28, 3),(127, 29, 4),(127, 30, 5),(127, 1, 1),
(128, 2, 2),(128, 3, 3),(128, 4, 4),(128, 5, 5),(128, 6, 1),
(129, 7, 2),(129, 8, 3),(129, 9, 4),(129, 10, 5),(129, 11, 1),
(130, 12, 2),(130, 13, 3),(130, 14, 4),(130, 15, 5),(130, 16, 1),
(131, 17, 2),(131, 18, 3),(131, 19, 4),(131, 20, 5),(131, 21, 1),
(132, 22, 2),(132, 23, 3),(132, 24, 4),(132, 25, 5),(132, 26, 1),
(133, 27, 2),(133, 28, 3),(133, 29, 4),(133, 30, 5),(133, 1, 1),
(134, 2, 2),(134, 3, 3),(134, 4, 4),(134, 5, 5),(134, 6, 1),
(135, 7, 2),(135, 8, 3),(135, 9, 4),(135, 10, 5),(135, 11, 1),
(136, 12, 2),(136, 13, 3),(136, 14, 4),(136, 15, 5),(136, 16, 1),
(137, 17, 2),(137, 18, 3),(137, 19, 4),(137, 20, 5),(137, 21, 1),
(138, 22, 2),(138, 23, 3),(138, 24, 4),(138, 25, 5),(138, 26, 1),
(139, 27, 2),(139, 28, 3),(139, 29, 4),(139, 30, 5),(139, 1, 1),
(140, 2, 2),(140, 3, 3),(140, 4, 4),(140, 5, 5),(140, 6, 1),
(141, 7, 2),(141, 8, 3),(141, 9, 4),(141, 10, 5),(141, 11, 1),
(142, 12, 2),(142, 13, 3),(142, 14, 4),(142, 15, 5),(142, 16, 1),
(143, 17, 2),(143, 18, 3),(143, 19, 4),(143, 20, 5),(143, 21, 1);


-- actualizacion de referencias de clientes
UPDATE cliente set cedulaReco = '2' WHERE cedulaCli = '3';
UPDATE cliente set codigoVend = 2 WHERE cedulaCli = '3';
UPDATE cliente set cedulaReco = '2' WHERE cedulaCli = '4';
UPDATE cliente set codigoVend = 2 WHERE cedulaCli = '4';
UPDATE cliente set cedulaReco = '5' WHERE cedulaCli = '6'; -- 6 
UPDATE cliente set codigoVend = 3 WHERE cedulaCli = '6';
UPDATE cliente set cedulaReco = '7' WHERE cedulaCli = '8';
UPDATE cliente set codigoVend = 4 WHERE cedulaCli = '8';
UPDATE cliente set cedulaReco = '7' WHERE cedulaCli = '9';
UPDATE cliente set codigoVend = 4 WHERE cedulaCli = '9';
UPDATE cliente set cedulaReco = '10' WHERE cedulaCli = '11';
UPDATE cliente set codigoVend = 5 WHERE cedulaCli = '11';
UPDATE cliente set cedulaReco = '12' WHERE cedulaCli = '13';
UPDATE cliente set codigoVend = 6 WHERE cedulaCli = '13';
UPDATE cliente set cedulaReco = '14' WHERE cedulaCli = '15';
UPDATE cliente set codigoVend = 7 WHERE cedulaCli = '15';
UPDATE cliente set cedulaReco = '16' WHERE cedulaCli = '17';
UPDATE cliente set codigoVend = 8 WHERE cedulaCli = '17';
UPDATE cliente set cedulaReco = '18' WHERE cedulaCli = '19';
UPDATE cliente set codigoVend = 9 WHERE cedulaCli = '19';
UPDATE cliente set cedulaReco = '20' WHERE cedulaCli = '21';
UPDATE cliente set codigoVend = 10 WHERE cedulaCli = '21';
UPDATE cliente set cedulaReco = '20' WHERE cedulaCli = '22';
UPDATE cliente set codigoVend = 10 WHERE cedulaCli = '22';
UPDATE cliente set cedulaReco = '24' WHERE cedulaCli = '25';
UPDATE cliente set codigoVend = 11 WHERE cedulaCli = '25';
UPDATE cliente set cedulaReco = '24' WHERE cedulaCli = '26';
UPDATE cliente set codigoVend = 11 WHERE cedulaCli = '26';
UPDATE cliente set cedulaReco = '25' WHERE cedulaCli = '27';
UPDATE cliente set codigoVend = 11 WHERE cedulaCli = '27';
UPDATE cliente set cedulaReco = '24' WHERE cedulaCli = '28';
UPDATE cliente set codigoVend = 11 WHERE cedulaCli = '28';
UPDATE cliente set cedulaReco = '28' WHERE cedulaCli = '29';
UPDATE cliente set codigoVend = 12 WHERE cedulaCli = '29';
UPDATE cliente set cedulaReco = '28' WHERE cedulaCli = '30';
UPDATE cliente set codigoVend = 12 WHERE cedulaCli = '30';